Site,Plot,Sp,Ht,Dam,X,Y
BAN,1,acator,6.1,0,2.993,41.08922276
BAN,1,acator,5.1,0,14.872,44.66486964
BAN,1,acator,4.9,1,6.06025,11.38786064
BAN,1,acator,5.2,1,10,25.93915959
BAN,1,acator,7.7,1,10.09975,17.26253313
BAN,1,acator,6.7,2,3.98575,44.00385149
BAN,1,acator,4.2,2,7.63375,29.83899899
BAN,1,acator,3.9,2,15.68,26.04414714
BAN,1,acator,7.6,3,3.48525,6.641011402
BAN,1,acator,3.8,3,14.44,19.41974253
BAN,1,acator,3.4,4,0.03375,23.60002157
BAN,1,acator,6.1,5,14.62,11.17209023
BAN,1,acator,7,6,1.327,37.26897212
BAN,1,acator,0.6,7,2.22025,31.02948367
BAN,1,acator,5.4,8,5.112,47.47860039
BAN,1,comtro,0.7,0,6.45725,33.95026722
BAN,1,comtro,1,0,13.383,16.9545071
BAN,1,comtro,0.85,0,13.53775,41.47185103
BAN,1,comtro,0.95,0,15.34375,4.535342979
BAN,1,comtro,1.35,1,10.228,44.52752195
BAN,1,comtro,0.8,3,5.476,5.413263711
BAN,1,comtro,0.85,3,13.131,48.6520983
BAN,1,comtro,1.4,3,18.86775,18.46531911
BAN,1,comtro,0.9,4,8.767,9.326291385
BAN,1,comtro,0.65,4,13.06,48.08260594
BAN,1,comtro,0.7,4,17.24675,8.883108377
BAN,1,corova,1.7,6,14.86675,11.17764485
BAN,1,diccin,3.6,0,6.7,45.6285014
BAN,1,diccin,0.85,0,10.444,4.813820105
BAN,1,diccin,0.7,0,11.58875,2.222807557
BAN,1,ormtri,0.6,0,5.244,37.56012605
BAN,1,ormtri,0.9,1,18.51,46.18032724
BAN,1,ormtri,0.8,3,10.06275,42.4170545
BAN,1,ormtri,1,3,10.41825,6.538353534
BAN,1,ormtri,2.3,3,17.49,47.28156295
BAN,1,ormtri,2.1,4,0.354,39.50596913
BAN,1,ormtri,1.1,4,2.628,34.62295165
BAN,1,ormtri,1.2,4,13.40025,48.36192188
BAN,1,ormtri,0.7,5,10.66,41.39451338
BAN,1,ormtri,0.8,7,5.505,38.66620209
BAN,2,acarob,4.1,0,4.76925,13.26892062
BAN,2,acarob,5.6,0,13.77125,31.20524878
BAN,2,acarob,3.9,0,14.344,14.64580705
BAN,2,acarob,4.9,0,14.8,10.59245014
BAN,2,acarob,5.1,0,17.344,2.99093029
BAN,2,acarob,4,0,18.084,12.35228497
BAN,2,acarob,4.1,2,6.81875,26.78051145
BAN,2,acarob,5.7,3,15.12,38.16675869
BAN,2,acarob,3,4,15.17725,13.78046017
BAN,2,acasen,3.45,3,4.75,0
BAN,2,acasen,2.6,6,17.644,24.38645657
BAN,2,acator,4.7,0,5.25425,29.56466646
BAN,2,acator,5.1,0,12.07225,11.53909788
BAN,2,acator,0.25,5,10.99025,44.04480018
BAN,2,acator,0.65,7,13.565,5.399145766
BAN,2,acator,0.4,7,16.56775,17.36403352
BAN,2,albhar,0.3,4,2.51575,23.3183396
BAN,2,bosang,0.43,5,17.45875,30.464595
BAN,2,comtro,2.8,0,1.69275,38.72637603
BAN,2,comtro,3.6,0,4.5,0
BAN,2,comtro,1.5,0,6.56425,26.81119619
BAN,2,comtro,2.8,0,13.791,19.64200395
BAN,2,comtro,2.8,1,2.89675,35.69025369
BAN,2,comtro,2.5,1,3.8048125,36.47498977
BAN,2,comtro,1.6,1,7,0
BAN,2,comtro,2.9,1,15.375,31.57150644
BAN,2,comtro,1.4,2,3.79375,37.77512941
BAN,2,comtro,2.6,2,10.8859375,36.42589359
BAN,2,comtro,2.2,3,1.29325,5.139796147
BAN,2,comtro,2.35,3,1.324,4.66578225
BAN,2,comtro,2.2,3,1.63675,33.48088836
BAN,2,comtro,3.2,3,2.579,36.23959452
BAN,2,comtro,0.8,3,14.33575,15.07070907
BAN,2,comtro,1,4,1.255,26.83396937
BAN,2,comtro,0.39,4,16.29825,31.97620886
BAN,2,comtro,0.65,5,1.327,41.30062813
BAN,2,comtro,0.35,5,1.97625,5.346441427
BAN,2,comtro,0.75,5,5.875,42.92014301
BAN,2,comtro,1,5,6.28,6.994397758
BAN,2,comtro,0.6,5,7.102,7.459999732
BAN,2,comtro,0.71,5,10.688,36.01691536
BAN,2,comtro,0.4,5,15.69775,46.90473831
BAN,2,comtro,1,6,11.624,32.39055299
BAN,2,comtro,0.89,6,14.13075,32.87802861
BAN,2,comtro,0.5,7,8.12225,1.708524199
BAN,2,comtro,3.4,NA,13.89425,31.79670862
BAN,2,ormtri,0.6,0,4.376,10.09210701
BAN,2,ormtri,0.5,0,4.452,9.839699995
BAN,2,ormtri,0.45,0,4.488,2.422365786
BAN,2,ormtri,0.3,0,5.002,5.85405808
BAN,2,ormtri,0.6,2,4.718,8.930312201
BAN,2,ormtri,0.3,2,9.18375,18.9288118
BAN,2,ormtri,0.42,3,17.2409375,33.88447723
BAN,2,ormtri,0.35,4,4.7081875,7.076932278
BAN,2,ormtri,0.25,4,9.68125,18.74789051
BAN,2,ormtri,0.25,5,0.6939375,9.574886461
BAN,2,ormtri,0.3,5,2.84625,9.482028313
BAN,2,ormtri,0.55,5,3.71375,5.212299007
BAN,2,ormtri,0.4,5,5.16375,8.0929405
BAN,2,ormtri,0.45,5,5.45,7.78122741
BAN,2,ormtri,0.55,5,6.10975,6.878295933
BAN,2,ormtri,0.35,5,16.08025,49.20277987
BAN,2,ormtri,0.3,5,17.39825,9.240719503
BAN,2,ormtri,0.3,5,19.11525,12.96985803
BAN,2,ormtri,0.3,6,2.88775,11.64735592
BAN,2,ormtri,0.3,7,3.36625,10.3671771
BAN,2,ormtri,0.25,8,2.9193125,9.407449948
BAN,2,unk,0.85,4,1.2385,26.78301015
BAN,3,acager,5.6,1,16.5506875,11.75434997
BAN,3,acager,3.5,8,14.144,23.5838348
BAN,3,acarob,6.8,0,1.24,41.48986487
BAN,3,acarob,5.1,0,2.989,37.34828553
BAN,3,acarob,5.4,0,11.771,23.18282897
BAN,3,acarob,6.4,5,16.26175,47.87503249
BAN,3,acasen,0.4,0,13.18275,19.33326414
BAN,3,acasen,4.3,0,15.5434375,12.2654617
BAN,3,acasen,0.5,0,16.18075,0.789512152
BAN,3,acasen,4.7,0,18.858,16.25994576
BAN,3,acasen,4.4,0,NA,NA
BAN,3,acasen,4.9,1,1.214,14.44909008
BAN,3,acasen,0.6,1,4.78625,28.42450902
BAN,3,acasen,4.8,1,8.724,12.38605361
BAN,3,acasen,4.1,1,11.232,14.44756644
BAN,3,acasen,0.54,1,19.79225,41.60256944
BAN,3,acasen,3.9,2,11.82,15.1303536
BAN,3,acasen,2.9,2,14.991,11.99624604
BAN,3,acasen,4.4,3,10.125,7.499624991
BAN,3,acasen,3,6,9.646,6.261364388
BAN,3,acasen,2.5,NA,6.54375,33.2315971
BAN,3,acasen,2.5,NA,9.50275,45.30343291
BAN,3,acator,0.55,0,13.05375,14.07975891
BAN,3,acator,3.9,2,6.904,13.76571044
BAN,3,acator,5.6,3,7.249,41.72642768
BAN,3,acator,0.42,3,10.52875,18.63076551
BAN,3,acator,0.4,3,11.111,1.409141228
BAN,3,acator,0.5,4,3.632,16.30026307
BAN,3,acator,0.45,5,18.18675,3.898990182
BAN,3,acator,4.2,7,0.21275,18.49877665
BAN,3,balaeg,0.65,3,0.49975,3.968658456
BAN,3,balaeg,0.7,6,10.09975,32.73746687
BAN,3,comtro,1.66,0,14.38275,34.69848039
BAN,3,comtro,0.55,0,19.62325,43.41076185
BAN,3,comtro,1.34,1,15.346,33.5455087
BAN,3,comtro,1.2,2,4.77325,2.303493963
BAN,3,comtro,1.9,2,12.46225,0.970734226
BAN,3,comtro,1.4,3,0.506,49.51630175
BAN,3,comtro,0.6,4,16.831,32.89101292
BAN,3,comtro,1.7,4,18.56375,34.16500123
BAN,3,comtro,0.68,5,1.544,9.373689988
BAN,3,comtro,0.3,5,14.39875,47.58421888
BAN,3,comtro,0.62,5,16.656,6.824783073
BAN,3,comtro,0.65,7,6.01525,42.64698923
BAN,3,ormtri,0.66,0,22.507,15.49094393
BAN,3,ormtri,0.72,2,0.001,6.399999922
BAN,3,ormtri,0.67,3,0.347,14.79593157
BAN,3,ormtri,1.25,3,3.57975,32.35955245
BAN,3,ormtri,1.05,3,19.854,14.70030193
BAN,3,ormtri,0.5,4,11.61175,11.58133248
BAN,3,ormtri,0.6,4,13.906,18.94394795
BAN,3,ormtri,0.6,5,0.08425,11.89970176
BAN,3,ormtri,0.5,5,1.65975,19.12812667
BAN,3,ormtri,0.85,5,2.52175,27.74239957
BAN,3,ormtri,0.5,5,3.29075,24.00748253
BAN,3,ormtri,0.45,5,3.672,19.45652631
BAN,3,ormtri,0.5,5,9.304,20.92476007
BAN,4,acager,0.85,0,4.05,0
BAN,4,acasen,0.35,0,2.9221875,15.62916569
BAN,4,acasen,0.5,0,7.91875,44.9350816
BAN,4,acasen,0.45,1,10.17625,6.168787234
BAN,4,acasen,0.3,6,4.6208125,12.31140089
BAN,4,acasen,3.5,7,3.5,0
BAN,4,acasen,2.7,7,18.52825,5.403142783
BAN,4,acasen,0.35,8,11.539,13.81490061
BAN,4,acasen,0.3,8,19.1,0
BAN,4,acasen,1.7,NA,3.916,20.42804308
BAN,4,acasen,2.2,NA,11.408,7.941507162
BAN,4,acasen,NA,NA,14.95,33.45347468
BAN,4,acasen,3.5,NA,15.9255625,43.11530981
BAN,4,acasen,1.7,NA,16.9234375,42.77800144
BAN,4,acasen,2.5,NA,19.8214375,23.04930835
BAN,4,acator,5.4,0,10.17475,33.48842281
BAN,4,acator,8.3,1,10.76125,48.26636266
BAN,4,acator,5.2,1,12.745,28.69712486
BAN,4,acator,3.3,1,17.33125,26.06372524
BAN,4,acator,0.44,6,7.48,42.48936754
BAN,4,acator,0.75,8,1.024,0.954685288
BAN,4,acator,5.3,NA,10.897,28.16550001
BAN,4,balaeg,3.2,2,15.5943125,12.76087449
BAN,4,comtro,0.45,2,4.4745625,47.06728958
BAN,4,comtro,0.35,4,3.292,39.1901556
BAN,4,comtro,0.55,6,4.99,12.75891453
BAN,4,comtro,0.65,6,6.776,42.92004068
BAN,4,comtro,0.5,8,5.0916875,18.61624877
BAN,4,comtro,0.4,8,8.32,21.7639059
BAN,4,grebic,0.55,2,0.196,47.20686842
BAN,4,ormtri,2.4,1,16.179,12.425778
BAN,4,ormtri,0.75,2,13.33375,34.03594316
BAN,4,ormtri,0.7,7,3.45625,36.74314004
BAN,4,ormtri,0.3,7,10.372,42.67117909
BAN,4,ormtri,0.4,7,11.375,42.5455131
BIR,1,acager,2.7,6,0.91,34.3263948
BIR,1,acasen,0.5,0,8.8599375,7.173667646
BIR,1,acasen,0.4,0,10.98175,23.80913963
BIR,1,acasen,0.5,2,7.732,42.45969656
BIR,1,acasen,0.6,2,15.9415,44.85888361
BIR,1,acasen,4.1,5,9,0
BIR,1,acasen,2.6,6,7.3219375,8.475212755
BIR,1,acasen,4.2,7,8.01425,21.19406664
BIR,1,acasen,4.1,7,8.6,9.748846086
BIR,1,acasen,4.3,7,12.58125,10.67530554
BIR,1,acasen,2.5,8,5.03875,32.92806401
BIR,1,acasen,3.6,8,7.51375,4.580781695
BIR,1,acasen,2.5,9,1.765,22.2560858
BIR,1,acasen,2,NA,1.009,20.57527446
BIR,1,acasen,2.2,NA,2.02,26.48660807
BIR,1,acasen,1.8,NA,8.098,19.97280573
BIR,1,acasen,2.2,NA,9.84,12.48937148
BIR,1,acasen,2,NA,10.8,0
BIR,1,acasen,2.2,NA,14.4,16.89615341
BIR,1,acasen,1.7,NA,16.90975,43.83069251
BIR,1,acator,3.5,0,1.95,19.40225502
BIR,1,acator,5.1,0,12.06025,0.979984662
BIR,1,acator,3.2,1,0.42175,19.5954619
BIR,1,acator,4.1,2,1.50725,48.00545809
BIR,1,acator,5.9,3,10.756,26.87947959
BIR,1,acator,0.5,4,6.859,16.69903727
BIR,1,acator,3.4,NA,12.46375,15.12663003
BIR,1,balaeg,4.8,1,4.69025,11.58669733
BIR,1,balaeg,4.1,2,1.279,9.514418479
BIR,1,corova,0.65,2,5.60625,28.82973876
BIR,1,corova,0.85,3,10.5,27.09170456
BIR,1,corova,0.4,5,1.103,24.42377293
BIR,1,dovmac,0.55,7,4.01225,24.61512557
BIR,1,grebic,0.75,1,12.22,15.4519125
BIR,1,ormtri,0.4,0,5.36,5.387986637
BIR,1,ormtri,0.5,0,5.56,30.58025747
BIR,1,ormtri,0.4,0,6.11875,4.837447513
BIR,1,ormtri,0.5,0,6.8363125,25.1740593
BIR,1,ormtri,0.45,0,8.75525,33.70289604
BIR,1,ormtri,0.5,0,8.8645625,7.088161375
BIR,1,ormtri,0.55,0,17.06475,14.19979956
BIR,1,ormtri,0.3,0,17.8605625,15.65448202
BIR,1,ormtri,2.7,1,11.5288125,0.699272722
BIR,1,ormtri,0.5,1,11.71475,35.0412356
BIR,1,ormtri,0.3,1,12.06325,33.1783473
BIR,1,ormtri,0.4,2,1.5016875,9.177959177
BIR,1,ormtri,0.2,2,8.64,24.7365798
BIR,1,ormtri,0.7,2,10.556,24.06602877
BIR,1,ormtri,0.5,2,15.03025,13.94064507
BIR,1,ormtri,0.5,3,9.025,33.28026989
BIR,1,ormtri,0.3,3,17.15375,9.482028313
BIR,1,ormtri,0.8,4,16.01325,35.95486474
BIR,1,ormtri,0.3,5,12.97075,5.779242549
BIR,1,ormtri,0.25,5,17.562,15.91433806
BIR,2,acadre,4.4,0,17.3475625,46.24173241
BIR,2,acarob,6.8,0,6.175,11.21201922
BIR,2,acarob,6.1,0,8.81425,24.35403451
BIR,2,acasen,0.5,0,14.86475,18.31342228
BIR,2,acasen,1,NA,10.9173125,23.61980311
BIR,2,acator,6.6,0,11.23,22.44765244
BIR,2,acator,6.8,0,14.71025,45.11547905
BIR,2,acator,1.65,1,3.84475,9.014316249
BIR,2,albhar,0.53,1,15.152,4.478492604
BIR,2,albhar,0.58,2,8.98,1.999899997
BIR,2,albhar,0.9,2,11.39,24.09328465
BIR,2,albhar,0.63,3,6.228,37.35001913
BIR,2,albhar,3.04,7,7.498,24.16610761
BIR,2,balaeg,0.9,2,14,11.46430226
BIR,2,balaeg,1.5,5,6.59625,33.57503467
BIR,2,balaeg,2.7,5,10.35175,1.000635767
BIR,2,balaeg,4.1,7,5.02525,0.869978412
BIR,2,bosang,0.78,1,1.735,8.627269267
BIR,2,bosang,0.68,2,3.54025,11.36118964
BIR,2,bosang,0.48,2,3.974,7.513808888
BIR,2,comtro,0.95,0,5.614,26.56299925
BIR,2,comtro,2.7,1,4.88125,11.50753659
BIR,2,comtro,1.54,2,8.152,8.531406449
BIR,2,comtro,1.38,2,8.33825,10.36164017
BIR,2,comtro,1.15,7,11.1,50
BIR,2,ormtri,0.85,1,10.09425,34.02138564
BIR,2,ormtri,0.66,4,8.7465625,18.12838027
BIR,3,acadre,0.27,0,7.60625,33.79645221
BIR,3,acadre,0.23,0,10.246,22.47464091
BIR,3,acadre,4.6,4,17.83,24.00210616
BIR,3,acadre,2.7,4,18.1,23.92467346
BIR,3,acasen,0.35,0,9.66625,19.87394301
BIR,3,acasen,5.6,0,9.68875,42.58595094
BIR,3,acasen,3.9,0,17.68625,47.24200056
BIR,3,acasen,0.24,0,18.83325,15.35573816
BIR,3,acasen,0.2,0,20.10525,20.1997258
BIR,3,acasen,5.3,1,13.503,44.99710174
BIR,3,acasen,5.7,2,3.54,31.90420662
BIR,3,acasen,7.1,2,10.371,35.72509425
BIR,3,acasen,1.7,4,17.3490625,40.77327087
BIR,3,acasen,4.9,6,6.83175,19.22204963
BIR,3,acasen,5.1,6,15.166,6.499418743
BIR,3,acasen,5.4,7,19.12175,11.66699091
BIR,3,acasen,5.1,8,3.098,44.74525015
BIR,3,acator,0.4,0,6.64,13.22688172
BIR,3,acator,5.8,0,17.191,39.77896683
BIR,3,acator,5.1,2,9.51475,30.76214447
BIR,3,acator,6.5,6,0.184,44.20291936
BIR,3,acator,6.6,6,0.85825,45.7865208
BIR,3,albhar,0.27,2,9.53625,15.61889676
BIR,3,albhar,0.21,2,12.18225,11.12846732
BIR,3,balaeg,0.15,3,20.0515625,18.59992853
BIR,3,balaeg,2.7,5,16.05275,37.08995672
BIR,3,comtro,0.42,1,9.05225,45.0860637
BIR,3,comtro,0.25,1,10.35525,48.26253131
BIR,3,comtro,0.17,4,21.04675,16.26635529
BIR,3,grebic,0.45,0,0.797,37.62563977
BIR,3,lanhum,0.36,0,11.616,1.399479903
BIR,3,ormtri,0.3,0,9.10625,40.58266434
BIR,3,ormtri,0.29,0,9.208,41.39925957
BIR,3,ormtri,0.2,0,10.25725,36.06878245
BIR,3,ormtri,0.26,0,16.69125,22.35647945
BIR,3,ormtri,0.2,1,19.15875,17.27953409
BIR,3,ormtri,0.2,1,19.4370625,17.79109613
BIR,4,acager,5.15,3,11.77,33.91573529
BIR,4,acager,3.2,5,1.58625,29.05673435
BIR,4,acager,3.5,5,12.8771875,33.29666713
BIR,4,acarob,4.9,0,1.49975,7.85816454
BIR,4,acarob,4.7,0,1.60525,8.347045731
BIR,4,acarob,5.4,0,7.162,7.949575838
BIR,4,acarob,5.1,0,8.2,28.23331366
BIR,4,acarob,5.3,0,16.507,21.11300431
BIR,4,acarob,5.3,0,16.888,11.79641708
BIR,4,acarob,5.5,0,18.20725,12.87579308
BIR,4,acarob,4.1,1,3.51775,27.77814672
BIR,4,acarob,4.7,1,3.53125,26.26366832
BIR,4,acarob,5.8,1,3.76,2.285257097
BIR,4,acarob,4.6,1,5.515,16.29186223
BIR,4,acarob,4.5,2,1.38375,40.50025074
BIR,4,acarob,4.5,2,4.1291875,3.929352439
BIR,4,acarob,5.4,2,10.565,5.25554707
BIR,4,acarob,5.8,2,11.91025,9.919473017
BIR,4,acarob,4.7,2,18.46075,34.9786582
BIR,4,acarob,3.9,5,16.86375,9.178994277
BIR,4,acasen,0.3,0,1.01325,12.25819418
BIR,4,acasen,0.25,0,2.17075,46.88105075
BIR,4,acasen,3.3,3,15.202,28.49893324
BIR,4,acasen,3,7,7.26625,43.27604202
BIR,4,acasen,NA,NA,11.183,36.40954339
BIR,4,acator,4.4,6,11.17,6.043268983
BIR,4,acator,2.6,7,11.71825,6.290676986
BIR,4,balaeg,0.53,3,1.1170625,3.474862784
BIR,4,comtro,0.6,0,0.62875,12.58430266
BIR,4,comtro,0.9,0,5,50
BIR,4,comtro,0.17,0,6.03025,49.08017125
BIR,4,comtro,0.25,0,7.4,47.23413666
BIR,4,comtro,0.25,0,8.82125,47.76492764
BIR,4,comtro,0.19,0,11.1475625,3.714074623
BIR,4,comtro,0.33,0,11.482,44.5728759
BIR,4,comtro,3.1,0,12.656,31.55670553
BIR,4,comtro,0.3,0,17.257,44.21761719
BIR,4,comtro,3.9,1,15.523,23.7822722
BIR,4,ormtri,0.15,0,4.45575,37.57477196
BIR,4,ormtri,0.15,0,9.24625,49.00157076
BIR,4,ormtri,0.25,0,9.52975,46.96951078
BIR,4,ormtri,0.1,0,10.2,50
BIR,4,ormtri,0.2,3,0.744,12.57801511
BIR,4,ormtri,2.2,4,13.1093125,35.22812044
BIR,4,ormtri,NA,NA,12.87875,37.14007005
BIR,4,unk,0.95,2,17.34825,44.17520628
KIR,1,acager,7.2,0,15.776,10.58857044
KIR,1,acager,5.4,0,16.1915,16.8243225
KIR,1,acager,5.9,1,1.7716875,14.59284494
KIR,1,acager,5.9,1,6.68139,6.029844747
KIR,1,acager,5.4,2,2.44,13.58257708
KIR,1,acager,5.4,2,5.39725,12.15564447
KIR,1,acager,3.7,2,6.4049375,10.61775756
KIR,1,acager,2.7,2,10.22275,10.97703887
KIR,1,acager,2.7,3,3.032,17.18457087
KIR,1,acasen,2.2,3,7.624,19.02957235
KIR,1,acasen,4,3,19.4977525,6.801481269
KIR,1,acasen,5.9,4,NA,NA
KIR,1,acasen,4.9,NA,13.17775,4.727251309
KIR,1,acasen,4.9,NA,NA,NA
KIR,1,comafr,2.4,2,2.8041875,41.60601212
KIR,1,comafr,2.9,2,10.51009,2.889291988
KIR,1,comafr,4.6,3,2.8775,16.60248457
KIR,1,comafr,0.7,3,10.22,4.581659088
KIR,1,comtro,4.4,1,12.73375,32.55260447
KIR,1,comtro,4.9,2,9.42,39.50840336
KIR,1,comtro,0.6,2,12.80125,18.0149382
KIR,1,comtro,0.72,2,17.869,13.83686522
KIR,1,comtro,0.6,2,18.364,16.21769108
KIR,1,comtro,0.72,2,18.64,13.12975247
KIR,1,comtro,0.8,3,4.05775,32.4633337
KIR,1,comtro,0.8,3,10.6281875,4.392223863
KIR,1,comtro,0.5,4,11.616,48.6005201
KIR,1,comtro,0.9,4,15.852,42.12573203
KIR,1,grefal,3.1,2,17.59625,22.6729351
KIR,1,grefal,1.2,3,15.27875,1.928677899
KIR,1,grefal,0.75,3,15.698,10.88038584
KIR,1,lonspp,7.2,0,18.67275,40.39123278
KIR,1,lonspp,9.1,1,3.881,32.21860976
KIR,1,lonspp,4.8,1,7.34875,38.79482827
KIR,1,lonspp,5.6,1,8.747,35.19020625
KIR,1,lonspp,7,1,12.28475,21.77349116
KIR,1,lonspp,3.9,1,12.296,37.12955385
KIR,1,lonspp,8.4,1,18.256,22.5326089
KIR,1,lonspp,3.3,4,10.7805,19.91992268
KIR,1,unk,0.55,2,19.225,45.26297826
KIR,1,unk,0.45,3,15.23125,45.43721319
KIR,1,zizmac,0.75,3,7.82225,40.25000488
KIR,2,acarob,6,1,6.02625,10.02867444
KIR,2,acarob,8,1,8.427,6.754677713
KIR,2,acarob,8.1,1,8.54525,7.696018609
KIR,2,acarob,8.4,1,8.71275,40.89791302
KIR,2,acarob,8.2,1,10.124,7.331754497
KIR,2,acarob,7.4,1,10.34375,40.56565657
KIR,2,acarob,7.8,1,10.8,0
KIR,2,acarob,7.2,2,5.19325,4.233220339
KIR,2,acarob,5.2,2,11.116,7.302365644
KIR,2,acarob,5.6,2,12.76125,5.9967073
KIR,2,acarob,6.7,2,13.31075,37.58775063
KIR,2,acarob,7.4,2,20.246,32.90176957
KIR,2,acarob,0.55,4,15.90625,45.61351953
KIR,2,acarob,0.6,4,16.328,45.64036515
KIR,2,acarob,0.35,5,13.78,47.01309525
KIR,2,acarob,0.55,5,14.73,45.86271828
KIR,2,acarob,7.2,NA,10.91125,17.59075392
KIR,2,acarob,3.9,NA,11.431,12.31146778
KIR,2,acarob,0.55,NA,17.33075,33.10961503
KIR,2,grebic,0.8,4,2.46775,44.09489967
KIR,2,grebic,0.8,4,4.51375,44.91413125
KIR,2,grebic,0.85,4,4.52075,46.36643158
KIR,2,grebic,0.82,4,5.66325,47.2400001
KIR,2,grefal,0.85,3,10.5,0
KIR,2,grefal,0.6,4,4.52075,46.36643158
KIR,2,grefal,0.65,5,7.606,42.47412703
KIR,3,acasie,0.55,2,6.256,10.00512189
KIR,3,acasie,6,2,11.365,44.36751937
KIR,3,acasie,0.4,2,13.4,13.46996659
KIR,3,acasie,3.4,2,13.92,4.724785709
KIR,3,acasie,0.6,3,1.96,25.82573135
KIR,3,acasie,0.66,3,1.982,40.25123198
KIR,3,acasie,0.55,3,2.33175,39.53129067
KIR,3,acasie,4.2,3,9.25475,9.129600344
KIR,3,acasie,5.6,3,10.7,0
KIR,3,acasie,0.6,3,11.08675,2.654048688
KIR,3,acasie,0.65,4,NA,NA
KIR,3,acasie,0.55,5,10.2,0
KIR,3,acasie,0.5,5,11.97925,1.705159652
KIR,3,acasie,5.4,NA,8.83,37.67918656
KIR,3,grefal,0.5,4,1.146,44.68530725
KIR,3,grefal,0.5,4,4.34,44.58928571
KIR,3,zizmuc,0.5,4,0.15875,42.89970627
KIR,4,acarob,5.1,0,2.34325,14.1067069
KIR,4,acarob,0.7,0,11.11625,43.85842154
KIR,4,acarob,0.6,0,16.357,38.14721337
KIR,4,acarob,1.15,0,18.832,35.44679499
KIR,4,acarob,4.5,1,2.036,13.54786714
KIR,4,acarob,4.2,1,3.22,4.209703077
KIR,4,acarob,6.5,1,4.05875,21.4188363
KIR,4,acarob,5.1,1,5.64875,10.36009766
KIR,4,acarob,5.2,1,5.70475,47.5718675
KIR,4,acarob,5.2,1,8.71575,21.06835784
KIR,4,acarob,4.9,1,10.892,30.08381723
KIR,4,acarob,5.1,1,13.15,35.87316384
KIR,4,acarob,6.5,1,13.57875,17.56295956
KIR,4,acarob,4.5,1,NA,NA
KIR,4,acarob,3.9,2,3.09475,8.451184677
KIR,4,acarob,3.6,2,3.28325,16.37407309
KIR,4,acarob,2.4,2,9.04,43.38801089
KIR,4,acarob,5.6,2,10.412,18.00639486
KIR,4,acarob,3.4,2,10.645,19.02429959
KIR,4,acarob,4.1,2,11.29375,14.01610541
KIR,4,acarob,0.7,2,13.10675,39.81309152
KIR,4,acarob,1.2,2,14.62,31.98623859
KIR,4,acarob,2.9,2,15.48625,34.23338778
KIR,4,acarob,5.9,2,17.05,29.71336647
KIR,4,acarob,0.7,3,1.472,11.1028472
KIR,4,acarob,2.7,3,8.644,20.23070103
KIR,4,acarob,0.6,3,13.612,42.17673623
KIR,4,acarob,0.65,4,13.718,40.12951491
KIR,4,acarob,0.8,4,13.90375,36.18530724
KIR,4,acarob,5.4,4,14.494,18.49794486
KIR,4,acarob,0.65,5,8.46,38.34717202
KIR,4,comtro,0.8,0,0.45475,6.183300287
KIR,4,comtro,0.8,1,14.816,36.56548683
KIR,4,diccin,0.5,0,0.03,3.299863634
KIR,4,diccin,0.65,0,0.34075,4.186154493
KIR,4,diccin,0.6,0,1.35775,48.53149228
KIR,4,diccin,0.6,0,3.88825,41.11340831
KIR,4,diccin,0.7,0,4.01875,38.48090071
KIR,4,diccin,0.55,0,5.91025,33.10387781
KIR,4,diccin,0.5,0,7.37875,5.823576945
KIR,4,diccin,0.5,0,7.52975,6.580491238
KIR,4,diccin,0.6,0,7.648,39.36430087
KIR,4,diccin,0.35,0,9.04375,7.887368759
KIR,4,diccin,0.5,0,9.746,7.827227095
KIR,4,diccin,0.4,0,10.132,8.615832867
KIR,4,diccin,0.95,0,10.259,26.10956428
KIR,4,diccin,0.5,0,10.64,7.98
KIR,4,diccin,0.5,0,12.05875,24.50830432
KIR,4,diccin,0.6,0,12.10875,43.3804703
KIR,4,diccin,0.5,0,12.321,31.53292229
KIR,4,diccin,0.6,0,12.54,26.768375
KIR,4,diccin,0.6,0,12.57275,42.57800853
KIR,4,diccin,0.5,0,13.20625,9.891661182
KIR,4,diccin,0.5,0,13.25725,11.1146445
KIR,4,diccin,0.85,0,14.592,37.52147701
KIR,4,diccin,0.75,0,15.03625,16.46818709
KIR,4,diccin,0.5,0,15.87925,0.81204645
KIR,4,diccin,0.6,0,17.50125,13.16496291
KIR,4,diccin,0.65,2,12.28475,42.87785724
KIR,4,diccin,0.8,2,12.98275,39.6555231
KIR,4,diccin,0.65,NA,4.06,18.86813186
KIR,4,grebic,0.9,2,4.48,21.2325128
KIR,4,grefall,1.05,2,10.7320625,29.82711388
KIR,4,unk,0.4,2,6.371,34.02344346
KIT,1,acanil,0.9,0,15.2,42.38685348
KIT,1,acarob,3.4,0,6.74475,30.11260833
KIT,1,acarob,3.9,0,7.88,31.4003871
KIT,1,acarob,0.5,0,12.952,43.04761221
KIT,1,acarob,2.9,0,18.107,5.057326468
KIT,1,acarob,4.9,1,2.3,0
KIT,1,acarob,4.9,1,10.204,2.009573089
KIT,1,acarob,4.4,1,11.34375,3.913992327
KIT,1,acarob,3.6,1,12.6,0
KIT,1,acarob,4.4,1,16.027,6.24301778
KIT,1,acarob,4.9,1,16.27,12.13989703
KIT,1,acarob,4.4,1,16.84375,3.482540156
KIT,1,acarob,0.55,2,5.94375,39.57542155
KIT,1,acarob,4.1,2,6.808,38.80798785
KIT,1,acarob,4.9,2,6.9,0
KIT,1,acarob,0.7,2,9.49,2.007461083
KIT,1,acarob,3.4,2,12.398,30.74643939
KIT,1,acarob,3.9,2,13.536,2.686392376
KIT,1,acarob,6.9,2,13.807,9.571141572
KIT,1,acarob,5.9,2,13.925,11.718975
KIT,1,acarob,4.6,2,16.88,12.82597365
KIT,1,acarob,3.4,2,17.14,2.34742412
KIT,1,acarob,0.5,3,5.14,37.84185869
KIT,1,acarob,0.5,3,6.59,38.44742886
KIT,1,acarob,6.5,3,12.54375,32.41550865
KIT,1,acarob,0.75,4,16.79525,36.57727384
KIT,1,acarob,5.4,4,17.656,37.21306667
KIT,1,acarob,5.9,4,18.91325,37.44695358
KIT,1,acarob,4.9,5,9.47375,18.51723686
KIT,1,acarob,0.4,8,3.80775,26.30398683
KIT,1,acarob,0.9,NA,6.81175,12.68700366
KIT,1,acasen,3.6,2,4.08,22.70323096
KIT,1,acasen,3.6,2,4.4,24.3750122
KIT,1,acasen,3.6,2,8.212,21.97852509
KIT,1,albhar,3.4,1,14.06,10.08
KIT,1,albhar,1.5,2,14.35,10.01636161
KIT,1,comafr,3.2,0,9.84625,2.249746861
KIT,1,comafr,0.2,1,6.93475,0.953542048
KIT,1,comafr,0.35,1,8.08525,2.622733772
KIT,1,comafr,3.4,1,12.26575,28.44561815
KIT,1,comafr,3.9,1,12.277,31.9856926
KIT,1,comafr,3.4,1,14.472,2.578995153
KIT,1,comafr,4.9,2,3.778,1.592707129
KIT,1,comafr,0.3,2,5.09225,10.08756611
KIT,1,comafr,0.25,2,5.375,34.92985153
KIT,1,comafr,0.5,2,5.60325,17.4210674
KIT,1,comafr,0.5,2,6.192,24.95405949
KIT,1,comafr,0.25,2,6.838,1.910956828
KIT,1,comafr,0.8,2,13.23175,31.92568696
KIT,1,comafr,2.2,2,18.778,26.73206679
KIT,1,comafr,NA,2,20.412,26.40359655
KIT,1,comafr,0.57,3,6.06,16.63028563
KIT,1,comafr,2.3,3,7.73125,15.02789983
KIT,1,comafr,0.8,4,4.02976,8.602966601
KIT,1,comafr,2.2,4,13.57875,32.43704044
KIT,1,comafr,1.15,4,20.21275,5.696028216
KIT,1,comafr,0.11,5,1.516,0.769248984
KIT,1,comafr,1.2,6,19.15,36.72718945
KIT,1,comafr,0.6,8,3.80775,26.30398683
KIT,1,commol,0.4,3,0.91025,12.46681374
KIT,1,comtro,1.05,0,0.91025,12.46681374
KIT,1,comtro,1.9,0,19.18325,38.62929556
KIT,1,comtro,0.8,2,9.67975,18.8611357
KIT,1,comtro,1.6,2,12.60475,20.18812219
KIT,1,comtro,0.3,3,6.64375,25.27712424
KIT,1,diccin,0.25,0,0.088,10.89964476
KIT,1,diccin,0.3,0,1.495,7.043079937
KIT,1,diccin,0.6,0,10.82,17.88120801
KIT,1,diccin,0.25,1,4.8,7.613146524
KIT,1,diccin,3.9,1,14.91625,2.348507172
KIT,1,diccin,0.4,2,2.56075,7.789901119
KIT,1,diccin,3.7,2,16.162,11.26409144
KIT,1,diccin,0.3,4,18.16275,10.54108687
KIT,1,grebic,0.35,2,11.47225,20.27997732
KIT,1,ormtri,1.4,0,2.08,31.71794322
KIT,1,ormtri,1.7,0,2.52725,32.68344701
KIT,1,ormtri,1.8,1,3.344,32.72060001
KIT,1,ormtri,0.5,2,5.34625,35.23830596
KIT,1,ormtri,2,2,5.35,38.70276583
KIT,1,sclbir,0.45,0,4.8,42.38685348
KIT,1,sclbir,0.2,2,4.44675,45.12286822
KIT,1,sclbir,0.2,2,5.06275,45.1658959
KIT,1,unk,1.45,NA,12.259,22.92851759
KIT,2,acanil,3.6,2,16.996,47.35879119
KIT,2,acanil,4.5,3,12.4,50
KIT,2,acanil,5.5,3,15,50
KIT,2,acasen,0.4,0,13.472,19.01039758
KIT,2,acasen,3.5,2,6.711,23.04262309
KIT,2,acasen,0.3,2,11.5,11.12429773
KIT,2,acasen,3.4,2,17.072,17.151875
KIT,2,acasen,3.9,3,4.752,12.3149704
KIT,2,acasen,4.2,3,8.232,2.814991297
KIT,2,acasen,3.4,3,8.98,1.999899997
KIT,2,acasen,3.6,3,9.674,12.8694881
KIT,2,acasen,3.7,3,13.37625,15.00286426
KIT,2,acasen,3.5,3,13.96,12.7408163
KIT,2,acasen,3.2,3,14.374,12.27184273
KIT,2,albhar,0.47,0,18.49225,0.535434345
KIT,2,albhar,0.5,2,11.18275,7.382824828
KIT,2,albhar,0.45,3,6.464,17.97294367
KIT,2,albhar,0.5,3,7.7,50
KIT,2,albhar,0.3,3,13.383,16.9545071
KIT,2,comafr,0.63,0,5.10875,3.512929467
KIT,2,comafr,0.5,0,14.7,50
KIT,2,comafr,0.45,2,2.60625,30.6749525
KIT,2,comafr,0.58,2,10.58625,13.42912175
KIT,2,comafr,0.75,2,12.76675,4.070638087
KIT,2,comafr,0.45,2,13.46275,6.614708039
KIT,2,comafr,0.3,3,15.975,21.01807258
KIT,2,comafr,0.4,4,3.94525,13.53680178
KIT,2,commol,0.4,0,17.5,50
KIT,2,commol,0.4,2,3.675,45.25717647
KIT,2,commol,0.3,3,5.464,46.29801351
KIT,2,commol,0.7,4,14.48125,43.93506814
KIT,2,commol,0.37,4,16.7,50
KIT,2,comtro,0.65,2,0.13825,29.70047077
KIT,2,lanhum,0.35,4,0.95525,44.58358999
KIT,2,lanhum,0.5,4,15.436,39.4444373
KIT,2,sclbir,0.5,3,9.66475,30.01418985
KIT,2,sclbir,2.5,4,15.07,7.648862661
KIT,3,acabre,0.7,0,0.64,6.367919597
KIT,3,acabre,0.73,1,5.32675,0.886416627
KIT,3,acabre,0.95,2,3.76725,5.049537349
KIT,3,acabre,0.5,2,4.2,0
KIT,3,acabre,0.5,2,5.07275,4.06413674
KIT,3,acabre,0.9,2,5.905,5.689549631
KIT,3,acabre,0.4,2,6.045,4.929297617
KIT,3,acabre,0.4,2,6.21925,3.425044443
KIT,3,acanic,0.35,2,9.64225,21.64987332
KIT,3,acanil,0.6,0,6.775,42.10953899
KIT,3,acarob,5.2,1,0.856,21.78318765
KIT,3,acarob,3.4,1,17.27725,10.65770296
KIT,3,acarob,7.5,1,18.624,46.78182909
KIT,3,acarob,4.5,1,NA,NA
KIT,3,acarob,5.2,2,0.00925,22.09999806
KIT,3,acarob,0.9,2,6.294,45.92132816
KIT,3,acarob,6.4,2,8.61175,29.15472109
KIT,3,acarob,0.95,2,8.61625,29.04910043
KIT,3,acarob,5.6,2,12.25,22.81989264
KIT,3,acarob,7.9,2,20.82175,41.74077928
KIT,3,albhav,0.5,0,2.04325,10.09530235
KIT,3,balaeg,3.3,4,8.878,48.00222223
KIT,3,comtro,0.6,2,0.915,3.481777563
KIT,3,comtro,0.9,2,2.02,3.908912892
KIT,3,comtro,0.5,2,2.91975,3.809863506
KIT,3,diccin,0.35,0,1.31,10.21635454
KIT,3,diccin,0.33,0,2.37875,11.96584926
KIT,3,diccin,0.3,0,6.184,46.72003902
KIT,3,diccin,0.28,0,8.83275,48.27300045
KIT,3,diccin,0.5,0,16.95275,1.266596794
KIT,3,diccin,0.5,0,18.568,1.090585164
KIT,3,diccin,0.3,2,6.189,2.292657628
KIT,3,diccin,0.45,2,6.388,13.6822314
KIT,3,diccin,0.35,2,7.02175,47.0922471
KIT,3,diccin,0.25,3,8.08525,47.37726623
KIT,3,diccin,0.3,4,4.912,46.91580545
KIT,3,diccin,0.4,4,5.69125,15.9128776
KIT,3,grebic,1.2,0,6.54325,18.15697881
KIT,3,grebic,1.2,0,8.825,21.23957097
KIT,3,grebic,2.5,2,0.082,22.29984924
KIT,3,ormtri,0.3,2,8.16025,45.13581251
KIT,4,acager,3.5,0,0.9,7.445804188
KIT,4,acager,5.9,0,1.20275,18.96189317
KIT,4,acager,1.9,0,1.486,6.12223848
KIT,4,acager,5.4,0,2.12275,15.25299749
KIT,4,acager,3.9,0,3.56,24.54776238
KIT,4,acager,4,0,5.93275,22.22166685
KIT,4,acager,3.9,0,9.07775,24.36379394
KIT,4,acager,3.6,0,9.344,37.01194148
KIT,4,acager,4.1,0,10.783,24.09744615
KIT,4,acager,4.1,0,10.895,14.82764226
KIT,4,acager,4.1,0,11.37225,22.8237142
KIT,4,acager,4.9,0,13.125,42.73815623
KIT,4,acager,3.9,0,14.02325,47.20027511
KIT,4,acager,5.2,0,14.32525,44.08077603
KIT,4,acager,4.9,0,NA,NA
KIT,4,acager,5.4,1,1.565,20.54046677
KIT,4,acager,3.9,1,2.131,13.83686522
KIT,4,acager,2.4,1,2.666,34.73099728
KIT,4,acager,2.9,1,3.20475,13.42272616
KIT,4,acager,4.1,1,8.45875,32.09777811
KIT,4,acager,2.4,1,8.915,30.76558358
KIT,4,acager,2.5,1,12.30325,7.288349569
KIT,4,acager,4.3,1,19.216,5.54484842
KIT,4,acager,4.6,2,2.845,11.03929232
KIT,4,acager,2.6,2,4,0
KIT,4,acager,3.4,2,7.67725,22.21057929
KIT,4,acager,2.5,2,12.71125,6.550887225
KIT,4,acager,2.9,2,15.1,0
KIT,4,acager,3.3,2,15.39175,5.661628029
KIT,4,acager,4.4,2,16.76,2.170806302
KIT,4,acager,3,2,17.68625,2.757999445
KIT,4,acager,4.1,4,8.05775,29.52873563
KIT,4,acager,2.8,NA,2.83075,5.062297348
KIT,4,acager,3.2,NA,3.35875,4.728509114
KIT,4,albhar,0.38,0,2.608,7.138510769
KIT,4,albhar,0.35,0,3.412,5.882028222
KIT,4,albhar,0.4,4,1.24,8.510135134
KIT,4,comtro,0.5,0,10.07175,39.70826293
KIT,4,comtro,0.55,2,5.80775,32.54061742
KIT,4,comtro,0.45,2,6,33.02943725
KIT,4,comtro,0.55,2,6.481,11.26927855
KIT,4,comtro,0.4,2,8.304,18.63339969
KIT,4,comtro,0.4,2,18.45625,42.55843861
KIT,4,comtro,0.4,3,5.96975,12.66341522
KIT,4,comtro,0.4,4,1.277,8.099955
KIT,4,comtro,0.4,4,5.776,7.542401739
KIT,4,comtro,0.4,4,19.19575,0.403957841
KIT,4,corova,0.8,4,8.47,48.01276574
KIT,4,corova,0.6,4,9.64475,48.26253131
KIT,4,diccin,0.3,0,3.46575,18.88461217
KIT,4,diccin,0.4,1,4.42625,19.81157013
KIT,4,grebic,0.5,4,6.886,36.11356763
KIT,4,grebic,0.6,4,15.00625,4.615458909
KIT,4,ormtri,3.8,0,8.008,22.73063871
KIT,4,ormtri,0.4,0,10.08825,14.54363132
KIT,4,ormtri,0.45,1,6.952,7.59998
KIT,4,ormtri,0.4,1,7.684,16.3879878
KIT,4,ormtri,0.38,1,8.884,15.65485688
KIT,4,ormtri,0.4,2,5.331,32.80754703
KIT,4,ormtri,0.33,2,6.031,34.31985207
KIT,4,ormtri,0.5,2,6.46625,7.758711938
KIT,4,ormtri,0.3,2,10.513,13.86494973
KIT,4,ormtri,0.3,2,10.52325,11.10635896
KIT,4,ormtri,0.45,2,11.05,38.84708558
KIT,4,ormtri,0.3,2,11.314,10.59449876
KIT,4,ormtri,0.25,2,11.91625,15.18199545
KIT,4,ormtri,0.5,2,13.53775,8.528148975
KIT,4,ormtri,0.45,2,13.67025,9.239819529
KIT,4,ormtri,0.4,3,4.07125,7.002494087
KIT,4,ormtri,0.5,3,6.447,15.51374201
KIT,4,ormtri,0.4,3,6.54875,7.290670301
KIT,4,ormtri,1.9,3,11.98875,3.876838072
KIT,4,ormtri,0.75,3,16.642,38.375292
KIT,4,ormtri,0.5,3,18.9,0
KIT,4,ormtri,1.5,4,13.34825,5.129738974
KIT,4,ormtri,0.3,5,11.548,13.93749246
KIT,4,ormtri,0.5,5,11.969,14.7561187
KMS,1,acadre,0.28,0,10.68775,16.90479222
KMS,1,acager,5.3,0,9.94975,48.9987633
KMS,1,acager,4.7,1,1.55975,31.96196458
KMS,1,acarob,4,0,3.16025,6.357894301
KMS,1,acarob,0.46,0,5.43775,5.309507975
KMS,1,acarob,0.61,0,8.25275,6.652226502
KMS,1,acarob,5.2,0,14.58725,11.37814297
KMS,1,acasen,0.53,0,2.22675,23.29381
KMS,1,acasen,0.26,0,3.3,50
KMS,1,acasen,4.1,0,8.78675,3.339614414
KMS,1,acasen,0.25,0,10.116,44.12151856
KMS,1,acasen,5.3,0,14.10025,22.43731156
KMS,1,acasen,4.25,0,15.24,26.27274984
KMS,1,acasen,4.6,0,17.65625,21.29552586
KMS,1,acasen,4.7,1,0.47675,18.70363105
KMS,1,acasen,5.2,1,1.552,14.71839991
KMS,1,acasen,3.9,1,10.2040625,12.90269772
KMS,1,acasen,5.1,1,12.704,13.4483599
KMS,1,acasen,4,1,14.625,15.07014847
KMS,1,acasen,4.4,1,17.8341875,14.99439083
KMS,1,acasen,4.4,2,6.736,48.09571431
KMS,1,acasen,1.5,NA,0.48,7.183982183
KMS,1,acator,0.37,0,10.6,11.17139204
KMS,1,albhar,0.31,0,8.82025,31.05235661
KMS,1,albhar,0.33,0,9.04825,31.38228876
KMS,1,comtro,0.42,0,0.62575,17.18861358
KMS,1,comtro,0.42,0,1.628,36.49779218
KMS,1,comtro,0.78,0,2.14375,17.06588222
KMS,1,comtro,0.58,0,3.38125,36.5175244
KMS,1,comtro,0.93,0,4.204,38.22815291
KMS,1,comtro,0.46,0,4.896,36.13929352
KMS,1,comtro,0.37,0,8.49525,20.83460409
KMS,1,comtro,0.78,0,9.87825,22.20158051
KMS,1,comtro,0.69,0,14.50775,6.747235726
KMS,1,comtro,0.44,0,18.81125,6.492062341
KMS,1,comtro,0.4,0,19.039,6.125069714
KMS,1,comtro,0.5,0,19.4,0
KMS,1,comtro,3.5,1,2.82775,15.74813735
KMS,1,comtro,0.32,2,12.38,6.320253159
KMS,1,lanhum,0.44,0,8.38025,47.00309995
KMS,1,ormtri,0.3,0,3.565,34.19712763
KMS,1,ormtri,0.24,0,4.92475,49.13580243
KMS,1,ormtri,0.27,0,5.66325,2.759999898
KMS,1,ormtri,0.42,0,6.19375,48.38833597
KMS,1,ormtri,0.44,0,6.752,45.17294127
KMS,1,ormtri,0.2,0,8.155,32.17709409
KMS,1,ormtri,0.31,0,8.516,31.35254055
KMS,1,ormtri,0.46,NA,5.28825,33.10845146
KMS,2,acadre,0.47,0,7.473,8.608964572
KMS,2,acadre,0.58,0,10.987,9.915938231
KMS,2,acamel,0.71,0,8.1370625,34.90328798
KMS,2,acarob,7.1,0,10.96075,31.15585079
KMS,2,acarob,6.8,0,17.291,20.72507354
KMS,2,acarob,6.6,1,11.6545625,23.06315399
KMS,2,acarob,6,2,15.124,43.65771145
KMS,2,acarob,6.2,3,17.777,49.09541667
KMS,2,acarob,5.8,4,13.90275,44.36852218
KMS,2,acarob,5.7,5,5.584,35.15933651
KMS,2,acasen,4.1,3,15.98,4.850731904
KMS,2,acasen,0.68,6,9.74875,1.00093628
KMS,2,acasie,5.1,6,13.60675,17.31948051
KMS,2,acator,4.2,1,8.65,25.04850295
KMS,2,comtro,1.3,0,2.52,18.42849967
KMS,2,corova,0.39,0,16.512,36.54474616
KMS,2,grebic,0.87,0,15.76,35.82035261
KMS,2,ormtri,0.69,0,4.50125,17.53136471
KMS,2,ormtri,0.5,0,6.595822312,13.56957339
KMS,2,ormtri,0.5,0,8.194966825,12.72336081
KMS,2,ormtri,0.5,0,9.284,14.83432991
KMS,2,ormtri,0.5,0,9.385376578,12.24839072
KMS,2,ormtri,0.5,0,10.13602635,16.8982987
KMS,2,ormtri,0.5,0,10.64659686,12.97555469
KMS,2,ormtri,0.5,0,13.40931881,14.79510231
KMS,2,ormtri,0.68,0,16.675,26.02951033
KMS,2,ormtri,0.44,0,17.112,27.58528483
KMS,2,ormtri,1.22,1,13.77025,29.7359872
KMS,2,ormtri,0.84,1,15.11575,14.28825049
KMS,2,ormtri,0.72,1,17.24625,37.49972557
KMS,2,ormtri,1.26,2,12.10525,32.71784381
KMS,2,ormtri,0.8,3,5.256109057,32.47052825
KMS,2,ormtri,0.8,3,6.021487766,31.93364351
KMS,2,ormtri,0.8,3,8.213534472,31.32074085
KMS,2,ormtri,0.8,3,8.234737276,33.30126698
KMS,2,ormtri,0.8,3,8.453762136,30.71713065
KMS,2,ormtri,0.8,3,9.113346056,30.27800443
KMS,2,ormtri,0.8,3,9.429824733,33.1057831
KMS,2,ormtri,0.8,3,9.896280572,34.85807399
KMS,2,ormtri,0.8,3,10.80698553,33.90189414
KMS,2,ormtri,0.8,3,12.244,32.32701316
KMS,2,ormtri,0.8,3,12.7368345,35.61884806
KMS,2,ormtri,0.8,3,13.07268608,31.58870509
KMS,2,ormtri,0.8,3,13.15256173,35.29092219
KMS,2,ormtri,1.69,3,13.402,34.22418319
KMS,2,ormtri,0.8,3,13.46336327,33.801577
KMS,2,ormtri,0.8,3,14.00850782,31.0875057
KMS,2,ormtri,0.8,3,14.39033872,34.30620009
KMS,2,ormtri,0.8,3,14.42354509,34.62255124
KMS,2,ormtri,1.56,3,14.466,32.76675179
KMS,2,ormtri,0.8,3,16.63118876,31.72023965
KMS,2,ormtri,0.8,3,18.34773727,32.43543115
KMS,2,ormtri,0.8,3,18.65013428,33.31509557
KMS,2,ormtri,1.47,3,18.6505,29.99546677
MUS,1,acasen,0.65,1,4.05575,33.28500996
MUS,1,acasen,4.6,5,9.106,38.9740867
MUS,1,acasen,4.3,6,9.63075,46.64014071
MUS,1,acasen,NA,NA,NA,NA
MUS,1,acasie,5.2,7,17.88975,48.01081802
MUS,1,acator,6.9,0,2.86375,23.02257449
MUS,1,acator,4.7,0,6.25025,40.34679458
MUS,1,acator,0.52,0,14.588,39.62694568
MUS,1,acator,0.92,0,16.36,32.16771467
MUS,1,acator,0.63,0,17.82275,35.46213281
MUS,1,acator,6.2,1,10.27625,45.3001398
MUS,1,acator,5.6,1,10.94,15.89988679
MUS,1,acator,5.5,1,13.024,18.95719979
MUS,1,acator,3,2,10.77625,2.66128464
MUS,1,acator,4.2,3,6.41575,6.593796474
MUS,1,acator,6.5,3,9.75325,36.9399803
MUS,1,acator,5.4,3,16.006,39.21584663
MUS,1,acator,6,4,7.586,40.06508158
MUS,1,acator,5.5,4,10.721,47.53826098
MUS,1,acator,3.3,4,16.493,10.21474185
MUS,1,acator,4.65,5,10.474,37.77276303
MUS,1,acator,5.1,5,14.623,16.96843749
MUS,1,acator,NA,NA,13.73725,29.95560022
MUS,1,acator,NA,NA,NA,NA
MUS,1,acator,NA,NA,NA,NA
MUS,1,comtro,3.6,0,2.776,22.83185985
MUS,1,comtro,0.6,0,3.15225,39.98434626
MUS,1,comtro,4.4,0,3.91825,30.08173409
MUS,1,comtro,0.57,0,12.99625,5.965524783
MUS,1,comtro,0.88,0,13.68475,39.91398902
MUS,1,comtro,1.05,0,18.928,28.82712074
MUS,1,comtro,5,2,11.744,30.69097455
MUS,1,grebic,0.8,0,9.35,41.70376591
MUS,1,grebic,0.86,0,10.328,37.0041385
MUS,1,ormtri,0.72,0,3.37525,35.89830906
MUS,1,ormtri,0.51,0,5.72875,49.09367587
MUS,1,ormtri,0.52,0,7.1,50
MUS,1,ormtri,0.42,0,8.072,28.1429001
MUS,1,ormtri,0.71,0,10.05975,43.45771982
MUS,1,ormtri,0.62,0,11.82125,43.90508011
MUS,1,ormtri,0.51,0,12.136,25.32273305
MUS,1,ormtri,0.57,0,12.368,39.23001504
MUS,1,ormtri,0.58,0,17.38675,0.678914161
MUS,1,ormtri,0.54,0,18.712,34.65395634
MUS,1,ormtri,0.65,1,4.457,28.66047913
MUS,1,ormtri,0.66,1,12.96475,49.04330912
MUS,1,ormtri,0.62,2,1.09375,36.04279
MUS,1,ormtri,0.52,2,17.486,34.30000624
MUS,1,ormtri,2.5,2,17.659,3.487078863
MUS,1,ormtri,2.2,4,17.986,29.19726451
MUS,1,ormtri,0.97,5,6.40225,35.88400925
MUS,2,acager,1.18,0,16.95625,35.51636834
MUS,2,acarob,5.6,0,0.432,36.80707098
MUS,2,acarob,0.8,0,1.39375,18.83114598
MUS,2,acarob,6.6,0,2.777,20.00820509
MUS,2,acarob,6.6,0,2.78825,39.04939901
MUS,2,acarob,6.2,0,3.6605,16.95945871
MUS,2,acarob,0.62,0,3.77675,12.8567554
MUS,2,acarob,5.4,0,6.241,14.51516169
MUS,2,acarob,5.6,0,10.33375,8.841584187
MUS,2,acarob,6.9,0,10.34725,20.87640815
MUS,2,acarob,5.9,0,13.2225625,23.02316965
MUS,2,acarob,4.6,0,16.7250625,26.39762839
MUS,2,acarob,0.71,0,18.875,32.98081829
MUS,2,acarob,9.1,1,12.1035625,19.02646249
MUS,2,acarob,3.1,2,0.661,24.99126005
MUS,2,acarob,5.4,2,14.1589375,41.33486937
MUS,2,acarob,5.7,2,18.90775,39.55696452
MUS,2,acarob,5.5,3,1.83375,45.56408285
MUS,2,acarob,8.3,3,3.45,23.44754785
MUS,2,acarob,4.9,3,10.11225,20.09956218
MUS,2,acarob,3.7,4,15.075,9.835871847
MUS,2,acarob,2.9,7,16.67275,40.88850136
MUS,2,acarob,2.7,8,14.49875,39.67400133
MUS,2,acarob,1.6,9,13.5765625,41.07030512
MUS,2,acarob,4.1,NA,6.83925,41.25730823
MUS,2,acasen,0.52,0,4.6,44.07631871
MUS,2,acasen,0.56,0,5.86025,23.54121186
MUS,2,acasen,1.07,0,6.69075,45.99077758
MUS,2,acasen,7,0,15.8221875,10.33771651
MUS,2,acasen,6.8,1,7.072,6.784306597
MUS,2,acasen,7,1,9.0326875,15.45382013
MUS,2,acasen,0.53,1,9.344,12.98805852
MUS,2,acasen,6.8,2,2.64,14.15593162
MUS,2,acasen,6.4,3,0.775,4.737021744
MUS,2,acasen,2.7,6,5.36025,40.97128359
MUS,2,acasen,3.9,7,4.3328125,48.98548739
MUS,2,acasen,3,7,11.508,44.17111194
MUS,2,acasen,2.9,8,11.2556875,40.8589115
MUS,2,acasen,5,8,18.112,16.794209
MUS,2,acasen,2.2,9,3.79,41.9473048
MUS,2,acasen,2.8,9,13.52625,20.18738618
MUS,2,acasen,2.1,9,16.52925,40.8351817
MUS,2,acasen,2.5,NA,10.123,42.83865439
MUS,2,acasen,1.2,NA,14.445,42.6663805
MUS,2,acasen,2.8,NA,16.96,36.94939082
MUS,2,acasen,2.2,NA,18.48,39.40851285
MUS,2,acasie,2.2,8,11.599,42.89907055
MUS,2,ormtri,0.54,0,3.996,20.57004954
MUS,2,ormtri,0.51,0,5.478,44.0332994
MUS,2,ormtri,0.53,0,12.30325,7.288349569
MUS,2,ormtri,0.63,0,18.1954375,27.29040224
MUS,2,ormtri,0.52,1,14.29625,22.07503649
MUS,2,ormtri,0.76,1,15.33775,30.34391908
MUS,2,ormtri,0.56,1,18.624,9.702918324
MUS,2,ormtri,0.46,2,1.108,18.41943104
MUS,2,ormtri,0.7,2,1.8774375,35.11795617
MUS,2,ormtri,0.55,2,8.14,38.24285749
MUS,2,ormtri,0.54,2,11.49325,24.79692074
MUS,2,ormtri,0.54,2,11.8,17.25021739
MUS,2,ormtri,0.66,2,12.7545625,8.540704622
MUS,2,ormtri,0.54,2,14.26075,6.802279724
MUS,2,ormtri,0.57,2,15.985,29.32643475
MUS,2,ormtri,0.59,3,2.62,5.729362966
MUS,2,ormtri,0.55,3,2.8369375,35.06709052
MUS,2,ormtri,0.53,3,3.20275,22.77591694
MUS,2,ormtri,0.55,3,3.96275,22.88807251
MUS,2,ormtri,0.77,3,5.653,34.39219455
MUS,2,ormtri,0.68,3,8.376,20.88283084
MUS,2,ormtri,0.6,3,9.21625,39.86339623
MUS,2,ormtri,0.77,3,12.94975,23.46367352
MUS,2,ormtri,0.6,3,18.73675,12.63701703
MUS,2,ormtri,0.67,4,2.4509375,32.97552041
MUS,2,ormtri,0.64,4,2.746,20.11341552
MUS,2,ormtri,0.65,4,3.62,20.31994609
MUS,2,ormtri,0.6,4,7.95,32.1941723
MUS,2,ormtri,0.84,5,1.704,34.7951855
SIM,1,acasie,0.6,0,11.39725,17.56662439
SIM,1,acator,7.2,0,17.7450675,2.637456999
SIM,1,acator,6.2,1,4.15696,45.53573258
SIM,1,acator,7.2,1,7.7496,16.51185331
SIM,1,acator,0.7,1,11.3053,5.54060393
SIM,1,acator,4.9,2,1.30079,18.17350669
SIM,1,acator,6.7,2,13.4767375,2.777615228
SIM,1,acator,9.3,2,16.8665325,34.19673934
SIM,1,acator,1.05,3,10,25
SIM,1,acator,0.95,3,16.0566675,1.637995358
SIM,1,acator,6,3,16.5516775,48.28781662
SIM,1,acator,4.2,4,4.87114,21.91516587
SIM,1,acator,6.7,5,0.6912125,21.20873936
SIM,1,acator,2.7,NA,NA,NA
SIM,1,balaeg,4.8,1,19.59439,0.468914201
SIM,1,balaeg,7.2,2,11.4926625,43.09009344
SIM,1,balaeg,3.4,2,16.2069625,11.00465658
SIM,1,balaeg,4.4,3,3.8682975,30.95926799
SIM,1,balaeg,3.6,3,3.9474375,40.98649141
SIM,1,balaeg,5.7,3,5.83402,7.459565044
SIM,1,balaeg,5.4,3,14.4003225,46.90103051
SIM,2,acadre,0.5,0,1.12911,21.08979636
SIM,2,acadre,3.7,0,3.2766725,36.23461162
SIM,2,acadre,5.1,0,5.01274,34.96354637
SIM,2,acadre,0.75,0,10.4701725,40.15762286
SIM,2,acadre,1.55,0,11.488,21.77545076
SIM,2,acadre,1.05,0,11.78794,31.84051293
SIM,2,acadre,3.3,0,11.9131525,32.47593376
SIM,2,acadre,4.4,0,12.3904875,21.73651811
SIM,2,acadre,1.85,0,12.88608,22.62809188
SIM,2,acadre,2.6,0,12.9398275,17.36998746
SIM,2,acadre,4,0,12.9530575,21.98837651
SIM,2,acadre,1.1,0,13.52256,40.86310933
SIM,2,acadre,2.2,0,16.89773,16.38896949
SIM,2,acadre,0.85,0,20.6954125,35.9572082
SIM,2,acadre,3.4,1,1.0539325,33.90446875
SIM,2,acadre,4.4,1,3.16728,13.64728681
SIM,2,acadre,3.9,1,4.12336,35.26609684
SIM,2,acadre,1.9,1,6.2772375,3.765460047
SIM,2,acadre,3.9,1,9.5030725,13.54969052
SIM,2,acadre,3.2,1,9.5789225,16.83571037
SIM,2,acadre,2.9,1,9.8209,32.79575566
SIM,2,acadre,4.4,1,12.94095,30.07339936
SIM,2,acadre,0.6,1,13.0400975,42.75001675
SIM,2,acadre,2.4,1,13.56384,21.66416037
SIM,2,acadre,4.2,1,18.72046,9.625324794
SIM,2,acadre,3.9,1,18.93364,33.90528732
SIM,2,acadre,2.7,2,0.56986,32.85947027
SIM,2,acadre,3.1,2,4.28057,16.84461696
SIM,2,acadre,2.8,2,4.6780375,2.533449259
SIM,2,acadre,4.1,2,5.44636,33.76942506
SIM,2,acadre,1.8,2,5.79268,19.93545732
SIM,2,acadre,2.3,2,7.2933025,35.07686901
SIM,2,acadre,3.4,2,10,25
SIM,2,acadre,4.4,2,10,25
SIM,2,acadre,3.6,2,12.27356,1.06870245
SIM,2,acadre,4.2,2,20.21924,31.73131549
SIM,2,acadre,4.9,3,4.01416,1.541596411
SIM,2,acadre,1.17,3,9.8627125,41.57694817
SIM,2,acadre,3.5,3,NA,NA
SIM,2,acadre,3.7,3,NA,NA
SIM,2,acadre,6.2,3,NA,NA
SIM,2,acator,7.2,0,10.05092,7.877303292
SIM,2,balaeg,3.7,2,NA,NA
SIM,2,comtro,2.3,2,4.5388,37.42398336
SIM,2,comtro,1.15,2,9.4496875,39.26718089
SIM,2,comtro,1.03,2,10.4719875,38.19551451
SIM,2,comtro,1.15,2,10.6729875,37.73317735
SIM,2,comtro,1.15,2,12.5767225,39.86843787
SIM,2,comtro,0.7,2,23.6390375,11.8435428
SIM,2,comtro,1,3,0.1337275,37.54071764
SIM,2,comtro,0.5,3,6.94729,26.56664754
SIM,2,comtro,0.7,3,NA,NA
SIM,2,ormtri,0.5,0,12.36094,45.94201253
SIM,2,ormtri,0.55,2,0.7683275,36.7222113
SIM,2,ormtri,0.85,2,12.1338775,40.19545938
SIM,2,ormtri,0.55,3,11.3755,46.82602776
SIM,3,acadre,2.9,NA,NA,NA
SIM,3,acarob,4.4,0,18.6388525,40.88102651
SIM,3,acarob,8.4,1,5.8443075,29.0187591
SIM,3,acarob,7.7,1,17.9901525,6.265533738
SIM,3,acarob,8.8,2,3.6411625,4.162071077
SIM,3,acarob,6.1,2,6.5667025,10.74181169
SIM,3,acarob,8.4,2,10.6985875,19.0171666
SIM,3,acarob,8.3,2,15.64256,6.396898987
SIM,3,acarob,3.4,2,NA,NA
SIM,3,acarob,8.6,5,17.40096,39.35262516
SIM,3,acarob,7.2,NA,5.0945125,7.261049675
SIM,3,acarob,2.9,NA,18.44074,8.121675212
SIM,3,acator,4.3,2,11.78087,35.97026365
SIM,3,acator,6.7,2,13.01576,37.23587482
SIM,3,acator,7.6,2,19.59031,49.38375808
SIM,3,acator,0.6,3,6.5857,35.34143747
SIM,3,comtro,4.1,1,3.2422525,1.445786542
SIM,3,comtro,5.9,1,5.4862375,42.51537589
SIM,3,comtro,0.75,2,1.21375,28.83477354
SIM,3,comtro,0.8,2,2.11609,31.01758279
SIM,3,comtro,0.9,2,6.10972,15.89629584
SIM,3,comtro,4.9,2,7.426,4.455347798
SIM,3,comtro,1.1,2,9,26
SIM,3,comtro,5.4,2,13.39891,7.591390572
SIM,3,comtro,5.4,2,16.88169,21.45456927
SIM,3,comtro,6.7,2,18.40251,2.703262048
SIM,3,comtro,0.95,2,NA,NA
SIM,3,comtro,1.2,5,9.9018525,14.77962845
SIM,3,comtro,1.5,5,14.13623,12.0266621
SIM,3,comtro,NA,NA,NA,NA
SIM,3,corova,0.65,0,0.2179025,3.072282295
SIM,3,corova,0.85,1,4.0109275,4.27224304
SIM,3,diccin,7,1,3.89001,4.166271979
SIM,3,diccin,4.4,1,6.8984275,6.819215353
SIM,3,diccin,0.5,1,11.1452725,8.87949328
SIM,3,diccin,4.9,1,15.1549725,11.73949354
SIM,3,diccin,4.4,2,0.5444,4.547529949
SIM,3,diccin,3.9,2,1.68758,12.49656648
SIM,3,diccin,2.9,2,6.34744,2.144762329
SIM,3,diccin,2.8,2,18.27775,8.119350648
SIM,3,diccin,2.1,NA,7.5447125,4.549001351
SIM,3,diccin,1.75,NA,19.5841975,49.21310212
SIM,3,gresp,0.4,4,10.3493275,10.99551819
SIM,3,ormtri,0.8,0,12.871,47.11669304
SIM,3,ormtri,0.45,1,14.89958,45.7641275
SIM,3,ormtri,0.6,2,19.9516775,40.73012595
SIM,3,ormtri,0.65,2,NA,NA
SIM,3,ormtri,0.6,4,6.8909975,12.55294999
SIM,4,acarob,2.8,3,3.1034825,19.01844621
SIM,4,acator,1.7,1,0.29,43.78676413
SIM,4,acator,3.4,1,0.4651675,16.65350471
SIM,4,acator,3.6,1,1.27738,3.053588108
SIM,4,acator,2.62,1,3.90556,48.15365196
SIM,4,acator,0.6,1,4.7839325,37.23712846
SIM,4,acator,1.35,1,5.0166125,18.97815847
SIM,4,acator,0.5,1,14.1176275,4.237946882
SIM,4,acator,1.05,1,18.4726275,6.245961355
SIM,4,acator,0.7,1,19.5739625,20.03547085
SIM,4,acator,0.95,1,NA,NA
SIM,4,acator,1.15,2,0.1609975,49.33933382
SIM,4,acator,0.7,2,0.3548125,41.97784268
SIM,4,acator,1.5,2,0.61048,5.556564961
SIM,4,acator,0.8,2,0.6122875,1.281211933
SIM,4,acator,5.9,2,2.88252,26.57412235
SIM,4,acator,1.05,2,2.9878,35.16794178
SIM,4,acator,0.75,2,5.2372825,41.09608109
SIM,4,acator,0.7,2,5.8363475,49.1356807
SIM,4,acator,5.4,2,6.04792,16.93230828
SIM,4,acator,5.8,2,6.7711875,8.946475275
SIM,4,acator,0.75,2,12.87028,6.547479876
SIM,4,acator,3.6,2,13.04192,8.954368918
SIM,4,acator,0.8,2,15.306,15.4527947
SIM,4,acator,0.55,2,16.83424,13.94517707
SIM,4,acator,0.6,2,17.86236,13.92690185
SIM,4,acator,0.65,2,NA,NA
SIM,4,acator,0.9,2,NA,NA
SIM,4,acator,1.2,2,NA,NA
SIM,4,acator,1.3,2,NA,NA
SIM,4,acator,1.9,2,NA,NA
SIM,4,acator,10.8,2,NA,NA
SIM,4,acator,0.7,3,5.07725,48.47962753
SIM,4,acator,2.9,3,7.9387975,23.49500999
SIM,4,acator,5.6,4,6.57608,24.83407481
SIM,4,acator,4.4,4,8.1086775,19.37135383
SIM,4,comtro,0.9,2,1.8566875,4.230497787
SIM,4,comtro,0.65,2,5.2955375,27.24814551
SIM,4,comtro,1.03,2,NA,NA
SIM,4,ormtri,0.75,1,5.2372825,41.09608109
TAW,1,acager,2.4,7,18.2903125,36.81034615
TAW,1,acator,4,0,0.81775,30.01672487
TAW,1,acator,0.8,0,1.22025,0.872347372
TAW,1,acator,1.5,0,5.59,10.27822455
TAW,1,acator,1.25,0,5.611,5.345949775
TAW,1,acator,3,0,6.49125,32.88995402
TAW,1,acator,4,0,6.5746875,6.57749833
TAW,1,acator,0.5,0,7.0175625,0.675512071
TAW,1,acator,1.3,0,11.7328125,25.80820821
TAW,1,acator,0.3,0,12.832,35.58369756
TAW,1,acator,10,0,19.46,32.90852844
TAW,1,acator,2.5,0,19.4703125,6.879638882
TAW,1,acator,7.5,0,19.729,6.744557732
TAW,1,acator,0.4,0,19.888,34.20039697
TAW,1,acator,5,1,14.54,21.82
TAW,1,acator,6,3,1.06,26.77902911
TAW,1,acator,0.5,5,11.0784375,42.82307708
TAW,1,acator,0.4,6,6.3656875,29.46398231
TAW,1,acator,2.2,7,10.103,47.53233086
TAW,2,acarob,6,0,3.61175,6.686947131
TAW,2,acarob,4.5,0,8.1,0
TAW,2,acarob,6.2,0,9.1096875,30.78024681
TAW,2,acarob,3.8,0,9.93075,9.582285971
TAW,2,acarob,6,1,4.4384375,44.07882845
TAW,2,acarob,7.5,1,6.7020625,30.42046775
TAW,2,acarob,4.2,1,9.0305,9.558900028
TAW,2,acarob,3.5,1,9.34,4.574319622
TAW,2,acarob,1.8,1,12.64,8.442179813
TAW,2,acarob,7,1,16.3453125,34.32029148
TAW,2,acarob,5.2,1,17.73175,22.18434227
TAW,2,acarob,5.5,2,7.644,7.198559856
TAW,2,acarob,5,2,14.9554375,34.97419256
TAW,2,acarob,5,2,16.9365625,14.88809426
TAW,2,acarob,4.5,2,17.308,16.48159992
TAW,2,acarob,3,2,17.7259375,10.09708571
TAW,2,acarob,5,2,18.2909375,9.903615773
TAW,2,acarob,6.5,3,0.2890625,42.75576485
TAW,2,acarob,6.5,3,6.7429375,39.12007381
TAW,2,acarob,4.5,3,18.3565625,9.458282782
TAW,2,acarob,3.8,4,1.2425625,43.06036468
TAW,2,acarob,4.5,4,3.56,45.29506642
TAW,2,acarob,6.3,4,6.2065,40.49727104
TAW,2,acarob,5,4,15.81875,43.77367296
TAW,2,acarob,4,5,1.17175,45.75889143
TAW,2,acarob,6,5,3.7725,44.76829437
TAW,2,acarob,5.5,5,19.152,16.37806142
TAW,2,acarob,5.5,6,15.25525,44.853414
TAW,2,acarob,6.1,9,0.88,35.82729384
TAW,2,acator,0.6,0,13.8,15.82908715
TAW,2,acator,0.5,5,18.4395625,47.17419883
TAW,2,comtro,1.3,0,7.632,10.76998496
TAW,2,comtro,0.75,0,12.30325,7.288349569
TAW,2,comtro,0.55,0,12.508,18.21976773
TAW,2,comtro,1.1,0,14.20625,31.87777378
TAW,2,comtro,0.7,0,15.0713125,45.83577249
TAW,2,comtro,1,0,15.68425,32.51483203
TAW,2,comtro,0.8,1,14.99525,32.6182844
TAW,2,comtro,3.5,3,8.621,16.93157875
TAW,2,comtro,1.6,7,12.24375,14.78954313
TAW,2,comtro,1.3,9,8.9015625,20.82749829
TAW,2,comtro,NA,9,16.808,9.687679598
TAW,2,grebic,1.25,3,8.355,31.30421657
TAW,3,acasen,0.8,8,7.9198125,49.3078512
TAW,3,acator,5.5,1,1.60425,20.03587737
TAW,3,acator,6.3,1,13.3140625,41.77453711
TAW,3,acator,4.1,1,18.1823125,3.675052673
TAW,3,acator,9.6,3,1.03,42.77302968
TAW,3,acator,3.2,3,1.0803125,28.12926279
TAW,3,acator,3.7,3,12.541,43.33942052
TAW,3,acator,4,5,8.8635625,9.441385481
TAW,3,acator,4.1,7,12.66325,49.03454703
TAW,3,acator,4.2,7,16.751,39.07278631
TAW,3,acator,0.4,8,6.458,37.6912943
TAW,3,acator,0.5,8,14.08375,28.28794772
TAW,3,acator,4.2,NA,17.76475,36.68633569
TAW,3,acator,5.2,NA,18.874,37.75164811
TAW,3,balaeg,3.9,4,9.492,26.65600857
TAW,3,balaeg,3.7,6,12.178,6.701217501
TAW,3,comtro,0.55,0,5.53975,11.53911478
TAW,3,comtro,0.5,0,11.68,21.7639059
TAW,3,comtro,2.9,4,2.888,43.51390287
TAW,3,comtro,4.5,4,7.6,50
TAW,3,comtro,5.5,4,7.7079375,48.8051362
TAW,3,comtro,3.2,5,3.829,44.14007176
TAW,3,comtro,NA,6,4.35525,12.77817661
TAW,3,comtro,3.2,7,14.8465,14.35283727
TAW,3,comtro,0.8,8,1.228,37.96247467
TAW,3,comtro,0.5,8,12.6971875,36.27151029
TAW,3,comtro,0.6,8,13.421,29.26972427
TAW,3,comtro,0.7,8,14.97875,26.22359717
TAW,3,comtro,0.55,8,17.76175,34.46036561
TAW,3,comtro,0.65,9,10.9253125,22.54196191
TAW,3,comtro,0.75,9,12.01825,29.33345644
TAW,3,comtro,0.55,9,14.503,21.09556804
TAW,3,comtro,0.35,9,15.566,43.95106257
TAW,3,comtro,0.6,9,17.575,27.6940314
TAW,3,comtro,0.45,9,18.284,17.9180173
TAW,3,comtro,0.6,9,18.7,27.06880123
TAW,4,acarob,5.4,0,6.05,38.02167145
TAW,4,acarob,6,0,9.277,21.9175106
TAW,4,acarob,5.9,0,10.263,24.32346256
TAW,4,acarob,5.2,0,17.57625,2.089362567
TAW,4,acarob,4,2,2.30875,42.13679714
TAW,4,acarob,3.9,3,8.95,3.185514087
TAW,4,acator,3.4,0,9.628,7.328820915
TAW,4,acator,0.18,0,19.1,33.88805099
TAW,4,acator,0.31,0,19.3681875,24.84196677
TAW,4,acator,5.8,1,5.76,18.31563267
TAW,4,acator,0.23,3,6.448,10.59166163
TAW,4,acator,0.2,3,6.79375,9.891661182
TAW,4,acator,0.25,3,13.43675,5.710844897
TAW,4,acator,0.16,4,15.27625,49.14783456
TAW,4,acator,3.3,5,17.95025,23.91230907
TAW,4,acator,3.4,6,7.132,21.5505122
TAW,4,comtro,0.2,0,16.489,48.08352433
TAW,4,comtro,0.44,2,7.921,27.89727153
TAW,4,comtro,0.4,2,11.01875,39.49160858
TAW,4,comtro,0.37,2,11.38425,38.24145463
TAW,4,ormtri,0.32,0,6.65875,6.634835977
TAW,4,ormtri,0.25,0,7.5023125,8.112817461
TAW,4,ormtri,0.37,0,19.009,23.97953125
TOG,1,acarob,0.57,0,0.4650625,13.94224576
TOG,1,acarob,4.3,0,1.09625,37.5840157
TOG,1,acarob,3.9,0,14.07425,15.72022541
TOG,1,acarob,0.64,0,14.67775,5.284283768
TOG,1,acarob,0.55,0,14.84,4.115142768
TOG,1,acarob,0.6,1,0.2093125,5.345903878
TOG,1,acarob,4.8,1,1.154,40.28347408
TOG,1,acarob,5.3,1,5.07375,25.90785713
TOG,1,acarob,5.2,1,5.1891875,1.078115527
TOG,1,acarob,0.5,1,14.816,45.44630436
TOG,1,acarob,5.4,2,0.07325,30.69991261
TOG,1,acarob,3.6,2,0.146,22.89953458
TOG,1,acarob,4.5,2,0.27775,39.49902347
TOG,1,acarob,4.6,2,1.84375,17.90532284
TOG,1,acarob,5.8,2,4.262,27.97722924
TOG,1,acarob,0.32,2,4.6326875,48.40368971
TOG,1,acarob,5.1,2,9.44525,12.28972141
TOG,1,acarob,0.5,2,16.09,40.4709969
TOG,1,acarob,3.9,2,16.24975,29.86545873
TOG,1,acarob,0.5,2,17.87325,33.5368006
TOG,1,acarob,0.42,2,18.20125,5.091610594
TOG,1,acarob,4.7,3,1.1914375,29.57601185
TOG,1,acarob,4.7,3,5.3409375,19.06605325
TOG,1,acarob,1.5,3,6.384,4.985433181
TOG,1,acarob,4.5,3,12.68125,9.256127616
TOG,1,acarob,0.51,3,15.175,30.38471578
TOG,1,acarob,3.8,3,16.56,16.95453922
TOG,1,acarob,3.6,4,1.253,33.17634686
TOG,1,acarob,5.1,4,11.60225,4.651644326
TOG,1,acarob,3.5,4,11.7589375,6.42552635
TOG,1,acarob,2.6,5,10.414,9.505714281
TOG,1,acarob,2.1,6,5.712,24.5441043
TOG,1,acarob,3.4,6,6.481,11.26927855
TOG,1,acarob,2.8,7,1.1789375,28.37551949
TOG,1,acarob,3.1,8,5.62875,8.506301984
TOG,1,acarob,5.2,8,11.158,37.26538657
TOG,1,acarob,5.1,NA,0.27875,14.19726377
TOG,1,acarob,NA,NA,6.128,21.75333574
TOG,1,acarob,2,NA,10,17.43588254
TOG,1,acasen,0.43,0,4.92625,1.955009191
TOG,1,comtro,0.5,1,15.891,41.54564497
TOG,1,comtro,0.91,1,18.832,35.44679499
TOG,1,comtro,0.4,2,14.83875,43.49988474
TOG,1,comtro,0.94,2,15.63075,45.74328126
TOG,1,comtro,0.52,3,0.78275,3.308670796
TOG,1,comtro,0.86,3,3.66325,21.99705888
TOG,1,comtro,0.94,3,4.647,48.79775585
TOG,1,comtro,1.2,3,12.51125,2.181426927
TOG,1,comtro,0.85,4,8.69375,46.99023075
TOG,1,comtro,0.6,4,10.70525,45.79909266
TOG,1,comtro,2.1,5,17.25,21.92823522
TOG,1,comtro,2.1,6,0.71,39.44361038
TOG,1,corova,0.51,6,15,22.44994432
TOG,2,acamel,0.2,4,13.648,16.09167785
TOG,2,acarob,5.1,0,11.89175,12.97483264
TOG,2,acarob,4.9,0,12.156,11.59619179
TOG,2,acarob,5.7,1,9.08,20.69573869
TOG,2,acarob,5.6,1,13.31875,42.98384462
TOG,2,acarob,3.6,1,15.882,32.64126339
TOG,2,acarob,3.3,1,17.222,10.74675374
TOG,2,acarob,5.2,2,7.264,10.17272353
TOG,2,acarob,3.9,2,15.502,7.679713276
TOG,2,acarob,4.1,3,14.942,33.52054051
TOG,2,acarob,4.3,4,14.4250625,13.92551873
TOG,2,acarob,4.9,4,16.204,7.605286582
TOG,2,acasen,0.35,1,5.84,40.17778491
TOG,2,acasen,0.3,1,5.9021875,34.8030772
TOG,2,acasen,0.25,1,10,38.26489906
TOG,2,acasen,0.3,5,3.616,38.12892005
TOG,2,acator,0.5,0,0.62875,34.19421988
TOG,2,albhar,0.28,2,11.0390625,13.25524798
TOG,2,albhar,0.2,3,12.915,24.39185879
TOG,2,albhar,0.35,4,6.91,29.09058095
TOG,2,comtro,1.44,1,5.372,33.876712
TOG,2,comtro,0.81,1,6.10875,9.625132385
TOG,2,comtro,0.76,1,9.19425,10.68998442
TOG,2,comtro,1.12,1,15.83725,24.65099415
TOG,2,comtro,0.51,2,4.43125,31.79267248
TOG,2,comtro,0.78,2,9.192,1.413200623
TOG,2,comtro,0.81,2,9.747,23.23867447
TOG,2,comtro,0.56,4,14.048,22.94043801
TOG,3,acadre,0.27,2,0.6011875,38.09525658
TOG,3,acadre,0.74,2,15.31875,41.03383846
TOG,3,acahoc,1.15,7,16.39,17.94039855
TOG,3,acarob,3.9,0,9.2,0
TOG,3,acarob,3.8,1,6.91725,2.898560408
TOG,3,acarob,2.9,1,12.7318125,0.680771962
TOG,3,acarob,7.4,1,14.263,17.27214031
TOG,3,acarob,4.4,1,15.921,15.47132053
TOG,3,acarob,7.7,3,4.06825,34.05788223
TOG,3,acarob,6.4,4,6.44025,22.18407492
TOG,3,acasen,0.23,0,17.00825,9.121920408
TOG,3,acasen,0.16,1,3.4085625,0.533105696
TOG,3,balaeg,0.37,3,9.38575,39.70576403
TOG,3,comtro,2.4,1,14.6638125,23.91181932
TOG,3,comtro,0.41,2,10,1.417744688
TOG,3,comtro,2.7,2,14.70925,21.56033312
TOG,3,comtro,0.48,2,16.07375,25.80299519
TOG,3,comtro,0.6,3,1.54,19.84032258
TOG,3,comtro,0.35,3,7.2795625,31.31501988
TOG,3,comtro,2.5,3,12.794,23.20697231
TOG,3,comtro,0.43,3,17.696,46.44288518
TOG,3,comtro,1.5,4,16.375,17.88636003
TOG,3,comtro,1.5,6,15.1830625,24.53155342
TOG,3,corova,0.64,1,18.064,48.76158225
TOG,3,corova,0.6,2,9.79925,38.88424745
TOG,3,ormtri,2.7,0,9.54325,1.736772707
TOG,3,ormtri,2.5,0,12.08,2.79885691
TOG,3,ormtri,3.2,0,14.2485625,15.3584168
TOG,3,ormtri,2.7,1,11.7182275,16.57628258
TOG,3,ormtri,2.9,1,17.64875,2.315517963
TOG,3,ormtri,2.2,3,12.6171875,40.58394485
TOG,3,ormtri,2.1,3,13.5394375,31.18787637
TOG,3,ormtri,0.27,5,13.5619375,41.85778125
TOG,4,acarob,7.2,0,5.15625,29.24898436
TOG,4,acarob,0.4,0,6.7405625,3.824567581
TOG,4,acarob,5.7,1,4.281,42.08336947
TOG,4,acarob,6,1,5.737,10.31149024
TOG,4,acarob,4.4,1,6.607,23.90371417
TOG,4,acarob,5.4,1,9.10375,6.523935617
TOG,4,acarob,3.5,2,4.375,43.30228584
TOG,4,acarob,7.2,2,9.92325,11.64556179
TOG,4,acarob,5.1,2,11.6453125,10.60420656
TOG,4,acarob,4.1,2,12.4384375,5.499570216
TOG,4,acarob,5.6,2,15.52025,11.13246783
TOG,4,acarob,3.7,3,6.07625,3.672762712
TOG,4,acarob,5.4,3,7.74775,9.163643922
TOG,4,acarob,6.4,3,12.159,42.28516241
TOG,4,acarob,6.9,3,15.21325,12.5158709
TOG,4,acarob,6.5,3,16.405,14.35673971
TOG,4,acarob,6.5,3,17.562,15.91433806
TOG,4,acarob,3.7,4,14.34875,14.21806504
TOG,4,acarob,4.4,5,12.68125,18.82753033
TOG,4,acarob,2,5,12.93225,12.08498696
TOG,4,acarob,1.45,NA,15.304,20.87616811
TOG,4,acarob,1.53,NA,18.505,21.23882869
TOG,4,acasen,0.35,0,1.4,0
TOG,4,acasen,0.35,0,4.1959375,4.56443956
TOG,4,acasen,0.33,0,8.8,50
TOG,4,acasen,0.42,0,9.564,45.66642134
TOG,4,acasen,0.5,0,12.52525,9.130614023
TOG,4,acasen,0.46,1,6.568,20.62532764
TOG,4,acasen,0.41,1,7.6,0
TOG,4,acasen,0.43,1,12.63925,33.35489984
TOG,4,acasen,0.25,1,15.9596875,9.745684938
TOG,4,acasen,0.4,2,1.6224375,2.523429523
TOG,4,acasen,0.38,2,5.32675,0.886416627
TOG,4,acasen,0.3,3,9.2230625,0.705420528
TOG,4,acator,0.2,0,2.1624375,17.07092677
TOG,4,acator,0.2,0,3.9428125,14.56870409
TOG,4,acator,0.25,0,6.23125,49.07181713
TOG,4,acator,0.7,0,9.504,42.67374693
TOG,4,acator,0.35,0,11.3614375,2.340456779
TOG,4,acator,0.4,0,15.046,36.372532
TOG,4,acator,0.3,0,15.966,20.7771178
TOG,4,acator,0.45,1,10.897,21.83449999
TOG,4,acator,0.42,1,18.46675,47.7775814
TOG,4,acator,0.45,2,3.04825,16.43814409
TOG,4,acator,0.45,2,10.73375,22.41473924
TOG,4,acator,0.2,3,4.22125,49.18082454
TOG,4,acator,0.42,5,3.7,50
TOG,4,acator,3.6,5,15.69875,28.52654549
TOG,4,comtro,0.4,0,3.5771875,45.05897484
TOG,4,comtro,0.6,0,5.25925,33.93916909
TOG,4,comtro,0.8,0,12.168,24.89323247
TOG,4,comtro,0.7,1,1.94525,39.2749824
TOG,4,comtro,0.62,1,2.59375,34.21163527
TOG,4,comtro,0.54,1,3.26575,46.48220567
TOG,4,comtro,2.4,1,6.199,14.75033556
TOG,4,comtro,3.4,1,9.457,15.07995859
TOG,4,comtro,0.65,1,9.94275,44.42310817
TOG,4,comtro,1.1,1,11.475,22.28133526
TOG,4,comtro,0.54,1,13.40575,6.271033961
TOG,4,comtro,1.25,1,17.26275,47.8188392
TOG,4,comtro,2.5,2,3.982,13.73439755
TOG,4,comtro,0.45,2,6.958,44.13516957
TOG,4,comtro,0.45,2,11.55875,3.903242042
TOG,4,comtro,0.48,2,13.87875,25.45167422
TOG,4,comtro,1.5,2,15.625,43.30228584
TOG,4,comtro,2.9,3,2.064,21.50116053
TOG,4,comtro,0.3,3,6.2846875,18.72520659
TOG,4,comtro,1.3,4,1.464,35.07161415
TOG,4,comtro,1.6,4,13.335,5.434866604
TOG,4,comtro,1.75,5,11.143,7.797021931
TOG,4,comtro,1.55,6,4.356,37.5394517
TOG,4,comtro,0.88,6,9.9195625,3.876181086
TOG,4,grebic,0.4,0,11.19425,9.833553119
TOG,4,ormtri,0.24,3,9.816,34.55538463
